0,1,class
0.84558,0.05977,1.0
0.86158,0.5059,0.0
0.80671,0.53741,1.0
0.66863,0.66671,0.0
0.74999,0.81895,0.0
0.17226,0.34886,1.0
0.86656,0.77625,1.0
0.03216,0.9693,0.0
0.44122,0.01796,1.0
0.14455,0.94601,0.0
0.8128,0.75659,1.0
0.01298,0.05956,0.0
0.05309,0.70854,0.0
0.20482,0.9936,0.0
0.2848,0.56175,1.0
0.52009,0.57579,0.0
0.76466,0.94572,0.0
0.59276,0.39627,0.0
0.34023,0.33422,1.0
0.6245,0.87993,0.0
0.41488,0.93748,0.0
0.31262,0.39919,1.0
0.22808,0.51062,1.0
0.9807,0.98376,0.0
0.04939,0.46538,1.0
0.60591,0.59234,0.0
0.72767,0.33601,0.0
0.2301,0.99745,0.0
0.38199,0.21415,1.0
0.01397,0.90619,0.0
0.03409,0.5351,1.0
0.17533,0.5333,1.0
0.88559,0.75314,1.0
0.11596,0.41228,1.0
0.70471,0.71011,0.0
0.59404,0.868,0.0
0.71619,0.58192,1.0
0.90396,0.22493,1.0
0.46923,0.84174,0.0
0.89149,0.54283,1.0
0.0127,0.80421,0.0
0.44592,0.49612,0.0
0.37909,0.99564,0.0
0.91583,0.34857,1.0
0.65153,0.74146,0.0
0.80327,0.97245,0.0
0.72441,0.79477,0.0
0.71692,0.84961,0.0
0.00165,0.2539,1.0
0.68619,0.71875,0.0
0.31869,0.31935,1.0
0.3626,0.45126,0.0
0.96382,0.73238,0.0
0.55516,0.8086,0.0
0.47904,0.10863,1.0
0.94924,0.06001,1.0
0.81511,0.47415,1.0
0.61238,0.64132,0.0
0.26949,0.69647,0.0
0.86672,0.83959,0.0
0.82865,0.06348,1.0
0.38391,0.07354,1.0
0.83714,0.80662,0.0
0.11826,0.16523,1.0
0.58603,0.98757,0.0
0.67071,0.56761,0.0
0.3609,0.43875,0.0
0.63921,0.73291,0.0
0.37592,0.93525,0.0
0.0858,0.40937,1.0
0.4877,0.22377,0.0
0.07839,0.48107,0.0
0.69572,0.87128,0.0
0.26124,0.90935,0.0
0.33307,0.65452,0.0
0.90301,0.14269,1.0
0.86711,0.76685,1.0
0.12882,0.24894,1.0
0.12595,0.14848,1.0
0.91296,0.08348,0.0
0.917,0.31225,1.0
0.90228,0.18554,0.0
0.53301,0.92136,0.0
0.96098,0.4177,1.0
0.32413,0.07969,1.0
0.79008,0.64504,0.0
0.07182,0.693,0.0
0.34094,0.81732,0.0
0.02161,0.82542,0.0
0.33678,0.17185,1.0
0.24287,0.13278,1.0
0.30237,0.29788,1.0
0.63053,0.47472,0.0
0.44246,0.82996,0.0
0.98516,0.35355,1.0
0.28719,0.62655,0.0
0.12146,0.40017,1.0
0.35091,0.26118,1.0
0.4796,0.79306,0.0
0.75015,0.14814,1.0
0.20875,0.65674,1.0
0.44286,0.44442,0.0
0.3145,0.54796,1.0
0.92349,0.25173,1.0
0.84138,0.85486,0.0
0.28755,0.26352,1.0
0.13893,0.88713,0.0
0.8432,0.87012,0.0
0.83782,0.27424,1.0
0.76378,0.74984,1.0
0.90994,0.28822,1.0
0.4214,0.6549,0.0
0.69596,0.01759,1.0
0.88393,0.93202,0.0
0.13625,0.88981,0.0
0.32919,0.68569,0.0
0.50979,0.27177,0.0
0.95224,0.52787,0.0
0.72001,0.75747,0.0
0.32478,0.58115,1.0
0.23545,0.96608,0.0
0.72787,0.43212,1.0
0.7502,0.74825,1.0
0.59717,0.59446,0.0
0.21594,0.29064,1.0
0.05361,0.88721,1.0
0.27046,0.27204,1.0
0.37335,0.4295,0.0
0.39375,0.01459,1.0
0.62151,0.47481,1.0
0.82543,0.96876,0.0
0.00497,0.50074,1.0
0.76868,0.62264,1.0
0.2372,0.80071,0.0
0.12265,0.45074,1.0
0.9849,0.32077,1.0
0.46366,0.20136,1.0
0.92644,0.75586,1.0
0.09017,0.00807,1.0
0.7372,0.84371,0.0
0.25326,0.13885,0.0
0.35859,0.19924,1.0
0.8947,0.67374,1.0
0.9864,0.01286,1.0
0.80932,0.02618,1.0
0.47749,0.35473,0.0
0.91855,0.70786,1.0
0.0428,0.17802,1.0
0.65452,0.79426,0.0
0.09493,0.20933,1.0
0.758,0.93786,0.0
0.63754,0.40107,1.0
0.41106,0.49773,0.0
0.69981,0.18613,1.0
0.34064,0.08252,1.0
0.43588,0.59119,0.0
0.82457,0.77431,1.0
0.12971,0.58072,1.0
0.24792,0.6102,1.0
0.05024,0.8473,0.0
0.3443,0.03694,1.0
0.32075,0.68714,1.0
0.16795,0.14816,1.0
0.95978,0.81767,0.0
0.74121,0.80918,0.0
0.67177,0.44122,1.0
0.24142,0.48263,1.0
0.66473,0.75751,0.0
0.81222,0.4369,1.0
0.62253,0.51475,0.0
0.83632,0.58031,1.0
0.01189,0.8006,0.0
0.28806,0.60616,1.0
0.4176,0.92424,0.0
0.28792,0.96566,0.0
0.56439,0.61779,0.0
0.84914,0.51063,1.0
0.64181,0.36211,1.0
0.40537,0.50917,0.0
0.8348,0.62744,1.0
0.61743,0.30619,1.0
0.70343,0.73061,0.0
0.41818,0.86615,0.0
0.0735,0.69765,0.0
0.50037,0.95,0.0
0.04545,0.29394,1.0
0.65702,0.15891,1.0
0.97316,0.26271,1.0
0.259,0.03283,1.0
0.53994,0.14043,1.0
0.31886,0.85635,0.0
0.89355,0.07951,1.0
0.46791,0.7142,0.0
0.38125,0.64943,0.0
0.6166,0.3149,1.0
0.30082,0.28072,1.0
0.35466,0.95815,0.0
0.93517,0.9513,0.0
0.96242,0.01114,1.0
0.63957,0.93151,0.0
0.35721,0.53978,0.0
0.48782,0.57015,0.0
0.17147,0.84837,0.0
0.29562,0.39185,1.0
0.93252,0.90825,0.0
0.0791,0.311,0.0
0.27853,0.73516,0.0
0.86922,0.64133,1.0
0.60027,0.59101,1.0
0.40815,0.22371,1.0
0.90875,0.07252,1.0
0.03152,0.45024,0.0
0.11962,0.38827,1.0
0.90127,0.37409,1.0
0.88388,0.36443,1.0
0.81999,0.79315,1.0
0.18277,0.86798,0.0
0.68904,0.32852,1.0
0.9767,0.3821,1.0
0.90894,0.2577,1.0
0.59663,0.27883,1.0
0.23269,0.14603,1.0
0.11943,0.82736,0.0
0.65441,0.75181,0.0
0.38474,0.10627,1.0
0.73236,0.92448,0.0
0.17042,0.11886,1.0
0.23407,0.81731,0.0
0.16276,0.71518,1.0
0.45752,0.78096,0.0
0.54502,0.42745,0.0
0.76198,0.93474,0.0
0.98677,0.70149,0.0
0.99887,0.03025,1.0
0.18637,0.08451,1.0
0.90504,0.75112,1.0
0.64768,0.36254,1.0
0.52481,0.24037,0.0
0.70536,0.99614,0.0
0.76432,0.55983,1.0
0.5204,0.85797,0.0
0.36224,0.69657,0.0
0.27249,0.88442,0.0
0.11539,0.91303,0.0
0.4214,0.77889,0.0
0.57181,0.69475,0.0
0.97144,0.64837,0.0
0.73024,0.00621,1.0
0.80187,0.76755,1.0
0.89555,0.39514,1.0
0.24048,0.48826,0.0
0.26523,0.6429,0.0
0.16959,0.19019,1.0
0.23164,0.96852,0.0
0.16001,0.17244,1.0
0.76435,0.33054,1.0
0.91478,0.35161,1.0
0.91233,0.52601,1.0
0.14768,0.42159,1.0
0.01007,0.24465,1.0
0.44374,0.56589,0.0
0.98416,0.41034,1.0
0.36195,0.98068,0.0
0.98605,0.15122,1.0
0.49327,0.63432,0.0
0.10251,0.69957,1.0
0.49897,0.73518,0.0
0.9269,0.39013,1.0
0.49399,0.79374,1.0
0.52909,0.91652,0.0
0.01026,0.71526,0.0
0.50785,0.44103,0.0
0.40424,0.28822,1.0
0.14403,0.52653,0.0
0.37814,0.63377,0.0
0.88749,0.90269,0.0
0.33216,0.27648,1.0
0.61352,0.31591,1.0
0.05802,0.94763,0.0
0.35643,0.84003,0.0
0.35489,0.81905,0.0
0.82882,0.88075,0.0
0.94588,0.69384,0.0
0.85066,0.45857,1.0
0.22957,0.53915,0.0
0.81804,0.30911,1.0
0.54399,0.16683,1.0
0.04555,0.61297,1.0
0.5463,0.55053,0.0
0.2541,0.93359,0.0
0.42366,0.71245,0.0
0.00792,0.83664,0.0
0.69649,0.47823,1.0
0.31492,0.93329,0.0
0.18204,0.44627,1.0
0.08274,0.90208,0.0
0.8367,0.90435,0.0
0.27022,0.67833,0.0
0.10962,0.11432,0.0
0.13052,0.82159,0.0
0.89959,0.77064,0.0
0.78236,0.51411,1.0
0.09392,0.2314,1.0
0.08577,0.93212,0.0
0.78351,0.8204,0.0
0.20948,0.58243,1.0
0.09414,0.74673,0.0
0.09173,0.67654,1.0
0.06667,0.23836,1.0
0.22432,0.42036,1.0
0.52959,0.75276,0.0
0.13156,0.96108,0.0
0.77651,0.87153,0.0
0.18876,0.99729,0.0
0.54066,0.5523,0.0
0.14516,0.32988,1.0
0.05463,0.49182,1.0
0.55502,0.47012,0.0
0.0189,0.38404,1.0
0.48799,0.77048,0.0
0.10715,0.91844,0.0
0.14236,0.34774,1.0
0.04047,0.13465,1.0
0.57902,0.62372,1.0
0.38337,0.63557,0.0
0.22054,0.26914,1.0
0.2108,0.41787,1.0
0.86177,0.35627,1.0
0.4293,0.78453,0.0
0.39435,0.62483,1.0
0.78416,0.11057,1.0
0.38781,0.08826,1.0
0.48522,0.88583,0.0
0.9642,0.47609,1.0
0.19056,0.84988,0.0
0.764,0.79125,0.0
0.27666,0.40846,0.0
0.4882,0.19932,1.0
0.85391,0.27285,0.0
0.88331,0.41914,0.0
0.45115,0.18751,1.0
0.03911,0.95771,0.0
0.83375,0.90754,0.0
0.76207,0.19998,1.0
0.27281,0.47947,1.0
0.07668,0.35066,1.0
0.08847,0.99096,0.0
0.81558,0.01483,1.0
0.36085,0.00871,1.0
0.47746,0.80623,0.0
0.04088,0.13044,1.0
0.03717,0.71416,0.0
0.22587,0.2884,1.0
0.08641,0.15617,1.0
0.60648,0.58712,0.0
0.44728,0.66684,0.0
0.02876,0.67477,0.0
0.37839,0.01459,1.0
0.6104,0.17604,1.0
0.33294,0.63893,0.0
0.06329,0.53985,1.0
0.00999,0.82361,0.0
0.50692,0.63011,0.0
0.50734,0.6812,1.0
0.1748,0.49817,1.0
0.40836,0.3649,0.0
0.54258,0.94182,0.0
0.33141,0.77227,0.0
0.64424,0.87382,0.0
0.37799,0.20562,0.0
0.97111,0.8974,0.0
0.07655,0.96544,0.0
0.48732,0.19514,1.0
0.72844,0.76911,0.0
0.4002,0.88496,1.0
0.40832,0.58368,0.0
0.14878,0.20297,1.0
0.2052,0.2224,1.0
0.17704,0.25787,1.0
0.03478,0.36111,0.0
0.93603,0.32236,1.0
0.7206,0.28878,1.0
0.41895,0.85445,0.0
0.93566,0.49418,1.0
0.69158,0.46896,1.0
0.76384,0.50379,1.0
0.68516,0.21804,1.0
0.15615,0.53656,1.0
0.17482,0.3962,1.0
0.70165,0.36235,0.0
0.37525,0.05317,1.0
0.43967,0.47855,0.0
0.65173,0.53971,0.0
0.35735,0.09213,0.0
0.24432,0.50926,0.0
0.51559,0.17329,1.0
0.48955,0.73697,0.0
0.1186,0.49291,1.0
0.94669,0.51123,1.0
0.51966,0.78634,0.0
0.00258,0.85512,0.0
0.93823,0.62361,1.0
0.06791,0.25749,1.0
0.77161,0.64749,0.0
0.11422,0.24124,1.0
0.97918,0.56464,0.0
0.1002,0.02573,1.0
0.03414,0.21219,1.0
0.3621,0.78931,0.0
0.13825,0.78888,1.0
0.42732,0.73655,0.0
0.89358,0.32474,1.0
0.38975,0.6203,0.0
0.17327,0.38823,1.0
0.74533,0.95416,0.0
0.86563,0.30466,1.0
0.79325,0.07756,1.0
0.53194,0.01314,1.0
0.82991,0.00473,1.0
0.36664,0.64669,0.0
0.85188,0.42226,1.0
0.23612,0.85787,0.0
0.34708,0.35506,1.0
0.94316,0.30203,1.0
0.50115,0.04377,1.0
0.92939,0.36376,1.0
0.6641,0.58481,0.0
0.87228,0.90481,0.0
0.96978,0.03389,1.0
0.35033,0.50452,0.0
0.11746,0.89496,0.0
0.39346,0.52176,0.0
0.84577,0.26129,1.0
0.99232,0.5127,1.0
0.83676,0.83193,1.0
0.0055,0.20172,1.0
0.72513,0.72685,0.0
0.70665,0.16583,1.0
0.94807,0.34117,1.0
0.62743,0.39591,0.0
0.79705,0.16396,1.0
0.58262,0.54863,0.0
0.0374,0.2979,1.0
0.17997,0.67721,1.0
0.84613,0.9043,1.0
0.69811,0.08356,1.0
0.29859,0.14361,1.0
0.73883,0.09759,1.0
0.39449,0.53003,0.0
0.00752,0.97321,0.0
0.94877,0.03872,1.0
0.23151,0.44573,1.0
0.14412,0.63034,1.0
0.26006,0.64887,0.0
0.82815,0.01484,1.0
0.81211,0.70944,1.0
0.7797,0.13092,1.0
0.61656,0.48198,0.0
0.57581,0.13458,1.0
0.6793,0.03675,1.0
0.28251,0.7672,0.0
0.19002,0.51287,1.0
0.3175,0.95903,0.0
0.71415,0.77657,0.0
0.88982,0.53076,1.0
0.90172,0.49336,1.0
0.17589,0.37252,1.0
0.34913,0.06771,1.0
0.29167,0.71377,0.0
0.5892,0.87988,0.0
0.2696,0.21731,1.0
0.35061,0.84723,0.0
0.05273,0.60543,1.0
0.00773,0.42768,1.0
0.8755,0.83703,0.0
0.55643,0.1514,1.0
0.24991,0.09863,1.0
0.50211,0.73348,1.0
0.2453,0.38542,1.0
0.0878,0.50467,1.0
0.47229,0.32625,0.0
0.59991,0.39926,0.0
0.07556,0.65809,1.0
0.94962,0.58366,1.0
0.24852,0.22565,1.0
0.78164,0.81313,0.0
0.29513,0.11133,1.0
0.37693,0.60809,1.0
0.34847,0.10848,1.0
0.57069,0.56545,0.0
0.55488,0.459,0.0
0.37753,0.47964,0.0
0.67894,0.11543,1.0
0.34238,0.1539,1.0
0.75905,0.96126,0.0
0.42831,0.58547,0.0
0.84022,0.92792,0.0
0.2237,0.79655,0.0
0.38913,0.54853,0.0
0.968,0.83599,0.0
0.81171,0.51938,0.0
0.22713,0.50279,1.0
0.91517,0.06373,1.0
0.16878,0.98075,0.0
0.57311,0.73421,0.0
0.52764,0.01312,1.0
0.46917,0.84494,0.0
0.03731,0.13277,1.0
0.33061,0.10817,1.0
0.70402,0.81848,0.0
0.59561,0.62148,0.0
0.92825,0.32474,1.0
0.13938,0.62675,1.0
0.79945,0.5044,1.0
0.45151,0.93713,0.0
0.6745,0.39392,1.0
0.70886,0.76262,0.0
0.82383,0.43311,1.0
0.52871,0.623,0.0
0.26936,0.70264,1.0
0.2607,0.97539,0.0
0.37185,0.99453,0.0
0.88872,0.81957,0.0
0.59255,0.94366,0.0
0.50828,0.97944,0.0
0.63973,0.90416,1.0
0.15147,0.51379,1.0
0.69656,0.26027,0.0
0.80815,0.77297,1.0
0.36199,0.58964,0.0
0.48123,0.70577,0.0
0.45985,0.7471,0.0
0.91051,0.97128,0.0
0.89961,0.44823,1.0
0.32541,0.23791,1.0
0.7096,0.36521,1.0
0.10507,0.37995,1.0
0.34179,0.5048,0.0
0.46334,0.49868,0.0
0.54651,0.0841,1.0
0.25046,0.41892,1.0
0.55404,0.42749,1.0
0.88606,0.19285,1.0
0.96445,0.11625,1.0
0.73721,0.57536,1.0
0.47253,0.94868,0.0
0.7581,0.12779,0.0
0.59772,0.20785,1.0
0.75738,0.23006,0.0
0.3593,0.44604,0.0
0.28615,0.05648,1.0
0.32601,0.88993,0.0
0.04723,0.38996,1.0
0.17429,0.55505,1.0
0.33993,0.14242,1.0
0.11709,0.21205,1.0
0.48199,0.78854,0.0
0.91011,0.95802,0.0
0.71646,0.18908,1.0
0.31004,0.52965,1.0
0.02009,0.37422,1.0
0.87309,0.13978,1.0
0.33458,0.38548,1.0
0.27012,0.90181,0.0
0.75706,0.40521,1.0
0.87486,0.75672,1.0
0.51337,0.3089,1.0
0.88637,0.85444,0.0
0.89711,0.88422,0.0
0.42536,0.74823,0.0
0.41394,0.54111,0.0
0.89044,0.36828,1.0
0.7908,0.33816,1.0
0.56196,0.55366,0.0
0.57101,0.72855,0.0
0.10756,0.97232,0.0
0.72733,0.2709,1.0
0.76323,0.21109,1.0
0.64934,0.49801,0.0
0.58489,0.40056,0.0
0.52848,0.86374,0.0
0.97871,0.07245,1.0
0.25776,0.7887,0.0
0.64309,0.52853,0.0
0.64885,0.23227,1.0
0.37601,0.25326,1.0
0.51043,0.82481,0.0
0.19883,0.97365,0.0
0.21967,0.53328,1.0
0.96621,0.58698,1.0
0.69599,0.45811,1.0
0.64619,0.12081,1.0
0.36174,0.0913,1.0
0.53767,0.20582,1.0
0.80296,0.92744,0.0
0.59733,0.41277,0.0
0.83773,0.8116,0.0
0.61094,0.06558,1.0
0.92684,0.83689,0.0
0.0914,0.4715,1.0
0.73858,0.48561,1.0
0.12338,0.13903,1.0
0.1214,0.29697,0.0
0.1224,0.01635,1.0
0.95916,0.08479,1.0
0.42879,0.88821,0.0
0.16136,0.30564,1.0
0.84493,0.74521,1.0
0.46909,0.70472,0.0
0.25881,0.95739,0.0
0.07778,0.97952,0.0
0.2044,0.51044,1.0
0.05229,0.71895,0.0
0.72103,0.79921,1.0
0.86959,0.53051,1.0
0.87957,0.97376,0.0
0.14671,0.91752,0.0
0.47207,0.7656,0.0
0.66176,0.17326,0.0
0.12911,0.35533,1.0
0.78067,0.66292,1.0
0.95842,0.19299,1.0
0.67725,0.79855,0.0
0.35704,0.91837,0.0
0.33939,0.11739,1.0
0.00416,0.82064,0.0
0.40157,0.58447,0.0
0.06333,0.49047,1.0
0.85627,0.48399,1.0
0.25646,0.32534,1.0
0.57705,0.58524,0.0
0.90086,0.93581,0.0
0.24656,0.41075,0.0
0.95043,0.82491,0.0
0.77872,0.98586,1.0
0.30799,0.86188,0.0
0.68615,0.38242,1.0
0.71414,0.41387,1.0
0.54064,0.04989,1.0
0.79543,0.44533,1.0
0.35016,0.32591,1.0
0.88497,0.06198,1.0
0.65258,0.92076,0.0
0.03489,0.85026,0.0
0.3147,0.01052,1.0
0.20276,0.07034,1.0
0.14648,0.26785,1.0
0.28421,0.13825,1.0
0.28738,0.57596,1.0
0.40347,0.79602,0.0
0.49023,0.90627,0.0
0.80073,0.83927,0.0
0.74564,0.40103,0.0
0.49804,0.28125,0.0
0.82005,0.16296,1.0
0.37517,0.10613,1.0
0.51685,0.1816,1.0
0.48067,0.76902,0.0
0.24641,0.53309,1.0
0.63797,0.77144,0.0
0.24986,0.0894,1.0
0.51188,0.22022,0.0
0.66661,0.50078,1.0
0.5164,0.2794,0.0
0.56807,0.67905,0.0
0.43671,0.76255,1.0
0.82608,0.40008,1.0
0.64341,0.92786,0.0
0.17723,0.33083,1.0
0.64099,0.41686,0.0
0.4995,0.13259,1.0
0.89343,0.44987,1.0
0.00896,0.46,1.0
0.82552,0.05875,1.0
0.18616,0.33321,1.0
0.2585,0.8544,0.0
0.6701,0.4662,1.0
0.88966,0.64863,1.0
0.20606,0.84702,0.0
0.36176,0.43477,1.0
0.93194,0.98527,0.0
0.22532,0.94405,1.0
0.33413,0.89381,0.0
0.3472,0.64798,0.0
0.23999,0.18028,1.0
0.02782,0.20615,1.0
0.33152,0.3952,1.0
0.72716,0.48645,1.0
0.29328,0.72728,0.0
0.547,0.9168,0.0
0.79925,0.78432,1.0
0.32689,0.82924,0.0
0.28829,0.27236,0.0
0.99556,0.07177,1.0
0.24101,0.90514,0.0
0.67945,0.45682,1.0
0.39634,0.66717,0.0
0.28966,0.34152,1.0
0.2687,0.55817,1.0
0.76658,0.73377,0.0
0.36445,0.602,0.0
0.54988,0.01887,1.0
0.43044,0.13683,1.0
0.00413,0.27672,1.0
0.52249,0.587,0.0
0.73985,0.27028,1.0
0.41085,0.9996,0.0
0.02769,0.91259,0.0
0.6264,0.55222,0.0
0.58711,0.36959,0.0
0.2357,0.04446,1.0
0.43895,0.04617,1.0
0.70404,0.36332,0.0
0.12029,0.79531,0.0
0.04172,0.26542,1.0
0.53137,0.7194,0.0
0.34463,0.76175,0.0
0.2967,0.75417,1.0
0.06884,0.48093,1.0
0.19645,0.99987,0.0
0.83982,0.00835,1.0
0.40012,0.32687,1.0
0.1829,0.51221,1.0
0.04371,0.67863,0.0
0.05968,0.64395,1.0
0.78963,0.22467,1.0
0.86706,0.1898,1.0
0.20479,0.68402,1.0
0.86372,0.88767,0.0
0.4396,0.15947,1.0
0.40454,0.68136,0.0
0.52843,0.34643,1.0
0.76253,0.61138,0.0
0.33658,0.94944,0.0
0.77321,0.30681,1.0
0.03676,0.96092,0.0
0.84153,0.36368,1.0
0.75049,0.468,1.0
0.38443,0.35336,1.0
0.76289,0.53823,1.0
0.62588,0.1467,0.0
0.7119,0.30757,1.0
0.97227,0.00654,1.0
0.06841,0.61157,1.0
0.04121,0.46363,1.0
0.16076,0.29924,1.0
0.9039,0.32354,1.0
0.5175,0.26954,0.0
0.05248,0.72814,0.0
0.41823,0.01484,1.0
0.82513,0.3839,1.0
0.92363,0.87792,0.0
0.17984,0.39035,1.0
0.57836,0.29677,1.0
0.84824,0.61095,1.0
0.3024,0.13128,1.0
0.91034,0.68142,1.0
0.32815,0.18243,1.0
0.92149,0.12029,1.0
0.79299,0.29539,1.0
0.19466,0.56424,1.0
0.19839,0.1566,1.0
0.03232,0.64823,0.0
0.69417,0.30594,1.0
0.44963,0.26696,0.0
0.26386,0.42336,1.0
0.75445,0.80526,0.0
0.7231,0.22124,1.0
0.94915,0.40015,1.0
0.30146,0.63046,0.0
0.06508,0.9498,0.0
0.00558,0.27133,1.0
0.27342,0.12898,1.0
0.98181,0.71061,0.0
0.97239,0.60102,0.0
0.95811,0.88178,0.0
0.61861,0.5725,0.0
0.20369,0.49824,0.0
0.81623,0.49237,0.0
0.1823,0.18213,1.0
0.6986,0.98707,0.0
0.37736,0.4156,0.0
0.23685,0.951,0.0
0.85745,0.56271,1.0
0.84926,0.03532,1.0
0.41823,0.01245,1.0
0.50139,0.30909,0.0
0.09688,0.04203,1.0
0.72971,0.86192,0.0
0.78545,0.39836,1.0
0.23511,0.36008,1.0
0.99103,0.40421,1.0
0.88921,0.11479,1.0
0.45846,0.901,0.0
0.24672,0.04357,1.0
0.52391,0.73895,0.0
0.72908,0.67151,1.0
0.09868,0.8114,0.0
0.82437,0.27907,1.0
0.21294,0.13612,1.0
0.6055,0.71912,0.0
0.3372,0.56249,0.0
0.88491,0.27432,1.0
0.80161,0.94283,0.0
0.88231,0.10192,1.0
0.11531,0.5583,1.0
0.17066,0.78304,1.0
0.90099,0.57251,1.0
0.93161,0.14059,1.0
0.36894,0.23232,1.0
0.23412,0.39699,0.0
0.77491,0.33712,1.0
0.28013,0.79011,0.0
0.43467,0.95535,0.0
0.92234,0.47938,1.0
0.93523,0.7361,0.0
0.08462,0.05671,1.0
0.56084,0.56935,0.0
0.89947,0.70918,1.0
0.93826,0.23105,1.0
0.80593,0.11637,1.0
0.59696,0.81328,0.0
0.97907,0.69653,0.0
0.30454,0.84006,0.0
0.78553,0.96337,0.0
0.88693,0.64211,0.0
0.5777,0.58511,0.0
0.32822,0.78299,0.0
0.56692,0.39243,0.0
0.27846,0.72131,0.0
0.83825,0.9725,0.0
0.57607,0.3565,0.0
0.50507,0.76147,0.0
0.53915,0.57846,0.0
0.35057,0.79927,0.0
0.39421,0.29289,1.0
0.84042,0.08985,1.0
0.59468,0.41758,1.0
0.50392,0.26427,1.0
0.81908,0.30421,1.0
0.3294,0.37982,1.0
0.98412,0.92198,0.0
0.61058,0.62272,0.0
0.89149,0.01179,1.0
0.56602,0.6872,0.0
0.86928,0.18745,1.0
0.19011,0.9043,0.0
0.99448,0.74561,0.0
0.66129,0.90427,0.0
0.79819,0.71168,1.0
0.05345,0.42539,1.0
0.07625,0.41999,1.0
0.99915,0.3994,1.0
0.10185,0.66068,1.0
0.18155,0.12209,1.0
0.68238,0.08383,1.0
0.47393,0.66861,0.0
0.02487,0.39343,1.0
0.58405,0.2569,1.0
0.63332,0.26965,1.0
0.18747,0.5623,1.0
0.65888,0.64281,0.0
0.48195,0.73415,0.0
0.47818,0.61386,0.0
0.305,0.0781,1.0
0.25312,0.78286,1.0
0.61447,0.59982,0.0
0.12724,0.39539,1.0
0.33232,0.26985,1.0
0.22305,0.32588,1.0
0.17253,0.99699,0.0
0.59291,0.94362,0.0
0.15205,0.69925,1.0
0.81018,0.52131,1.0
0.94965,0.96338,0.0
0.17413,0.28106,1.0
0.86651,0.29981,1.0
0.6814,0.08464,1.0
0.82963,0.79669,1.0
0.16948,0.73045,0.0
0.90021,0.92133,0.0
0.14693,0.01228,1.0
0.6506,0.41077,1.0
0.87786,0.88049,1.0
0.86441,0.02417,1.0
0.27584,0.66405,0.0
0.15307,0.23197,1.0
0.68554,0.01556,1.0
0.58784,0.6862,0.0
0.35334,0.90558,0.0
0.76032,0.66453,1.0
0.15568,0.53033,1.0
0.39015,0.62668,0.0
0.83283,0.00633,1.0
0.6815,0.72443,0.0
0.72748,0.43112,1.0
0.043,0.70214,0.0
0.45899,0.78322,0.0
0.23068,0.63219,1.0
0.90739,0.32777,1.0
0.75488,0.2087,1.0
0.62811,0.3976,0.0
0.83568,0.76261,1.0
0.22926,0.36159,1.0
0.35077,0.55698,1.0
0.35199,0.17727,1.0
0.65266,0.09624,1.0
0.33852,0.82131,0.0
0.29317,0.36699,1.0
0.39873,0.48248,0.0
0.24445,0.04738,1.0
0.55396,0.89562,0.0
0.64683,0.41644,1.0
0.37937,0.97329,0.0
0.53309,0.92335,0.0
0.62916,0.13809,1.0
0.65059,0.6484,0.0
0.22582,0.78064,0.0
0.82654,0.13958,1.0
0.87497,0.31515,1.0
0.61705,0.91129,0.0
0.09152,0.14844,1.0
0.24209,0.93787,0.0
0.81045,0.10327,1.0
0.16703,0.59459,1.0
0.04258,0.91436,0.0
0.80224,0.17091,1.0
0.85862,0.03119,1.0
0.62286,0.13182,1.0
0.82301,0.94523,0.0
0.35391,0.66138,0.0
0.06617,0.28812,1.0
0.10302,0.67004,1.0
0.48312,0.65696,0.0
0.05398,0.85037,0.0
0.13809,0.77828,1.0
0.36279,0.28282,1.0
0.57954,0.98216,0.0
0.07676,0.87629,0.0
0.78394,0.98995,1.0
0.66715,0.70488,0.0
0.59581,0.53469,0.0
0.79521,0.06248,1.0
0.10047,0.30264,1.0
0.67537,0.83976,0.0
0.46317,0.71387,0.0
0.00333,0.92275,0.0
0.32129,0.09062,1.0
0.45279,0.70059,1.0
0.11266,0.87904,0.0
0.68165,0.51981,1.0
0.07236,0.69771,0.0
0.60531,0.1666,1.0
0.07774,0.87759,0.0
0.39303,0.14262,0.0
0.13663,0.083,0.0
0.04251,0.93461,0.0
0.5742,0.85854,0.0
0.44118,0.04049,1.0
0.42513,0.71236,0.0
0.10525,0.22078,1.0
0.40101,0.46886,0.0
0.94753,0.79287,0.0
0.3453,0.65573,0.0
0.73068,0.39014,1.0
0.45448,0.26595,0.0
0.67348,0.29834,0.0
0.08893,0.74953,0.0
0.05357,0.3035,0.0
0.77412,0.22925,1.0
0.12745,0.20139,1.0
0.53166,0.26604,0.0
0.03034,0.26604,1.0
0.37301,0.73042,0.0
0.72952,0.05521,1.0
0.51728,0.15115,1.0
0.57164,0.33658,0.0
0.56349,0.97475,0.0
0.13191,0.71584,1.0
0.67265,0.66865,0.0
0.96307,0.63163,0.0
0.3252,0.44136,1.0
0.9791,0.64774,0.0
0.06828,0.98192,0.0
0.13599,0.75031,1.0
0.59826,0.09433,1.0
0.74765,0.94274,0.0
0.51614,0.92659,0.0
0.76003,0.40824,1.0
0.98387,0.89256,0.0
0.78678,0.18141,1.0
0.5215,0.78305,1.0
0.2515,0.21284,1.0
0.56883,0.36905,0.0
0.12822,0.51466,1.0
0.54375,0.23192,0.0
0.03718,0.73246,0.0
0.06126,0.46646,1.0
0.63212,0.73023,0.0
0.34197,0.39417,1.0
0.65365,0.70102,1.0
0.79532,0.91681,1.0
0.68149,0.52375,1.0
0.17628,0.01871,0.0
0.85035,0.35406,0.0
0.06004,0.15761,0.0
0.20298,0.97388,1.0
0.10811,0.23371,0.0
0.73282,0.81534,1.0
0.3765,0.48958,1.0
0.48187,0.87383,1.0
0.78899,0.70929,0.0
0.65739,0.57046,1.0
0.25152,0.19303,0.0
0.59601,0.18422,0.0
0.15822,0.18878,0.0
0.83581,0.14127,0.0
0.82416,0.24766,0.0
0.17623,0.49786,0.0
0.9433,0.36653,1.0
0.99858,0.67703,1.0
0.97302,0.24316,0.0
0.29665,0.65385,1.0
0.73993,0.81603,1.0
0.65914,0.85547,1.0
0.98999,0.14013,0.0
0.88805,0.64258,0.0
0.93308,0.04636,1.0
0.95112,0.88657,1.0
0.78137,0.02042,0.0
0.54786,0.7428,1.0
0.83644,0.43932,1.0
0.78809,0.04721,0.0
0.12228,0.89835,1.0
0.42333,0.6057,0.0
0.0981,0.71811,0.0
0.02802,0.25274,1.0
0.02748,0.79452,1.0
0.84366,0.12153,0.0
0.70728,0.91658,1.0
0.64501,0.77864,1.0
0.41462,0.299,1.0
0.88068,0.61592,1.0
0.04346,0.4452,0.0
0.80687,0.66744,0.0
0.12984,0.0596,0.0
0.28805,0.18547,0.0
0.66671,0.98268,0.0
0.79214,0.93251,1.0
0.55644,0.61959,1.0
0.22739,0.57262,1.0
0.82563,0.09826,0.0
0.46842,0.86107,1.0
0.98576,0.29512,0.0
0.81423,0.67716,0.0
0.34851,0.49749,1.0
0.14971,0.46074,0.0
0.36264,0.84279,0.0
0.44148,0.69123,1.0
0.75404,0.93153,1.0
0.82891,0.11154,0.0
0.09886,0.16184,0.0
0.4373,0.17899,0.0
0.13666,0.55514,0.0
0.15212,0.4688,0.0
0.66544,0.68015,1.0
0.32746,0.23922,1.0
0.06157,0.5083,0.0
0.29763,0.60787,0.0
0.74694,0.9993,1.0
0.7787,0.89491,1.0
0.79846,0.22423,1.0
0.21509,0.97663,1.0
0.03937,0.85317,1.0
0.86073,0.25596,0.0
0.82543,0.76413,0.0
0.62259,0.82516,1.0
0.99776,0.85459,1.0
0.83832,0.019,0.0
9e-05,0.04906,0.0
0.45223,0.29555,1.0
0.96767,0.92423,1.0
0.93369,0.13116,0.0
0.49339,0.8829,1.0
0.59116,0.99456,0.0
0.75696,0.49153,0.0
0.76085,0.42468,0.0
0.02668,0.56641,0.0
0.98789,0.39104,0.0
0.22014,0.31474,0.0
0.01074,0.51271,0.0
0.79978,0.09598,0.0
0.38316,0.73351,1.0
0.12895,0.61135,0.0
0.52934,0.93386,1.0
0.40538,0.93712,1.0
0.27448,0.53564,0.0
0.80229,0.10132,0.0
0.56654,0.95929,1.0
0.52313,0.28113,1.0
0.35621,0.55188,1.0
0.63248,0.1161,0.0
0.70378,0.78689,1.0
0.94905,0.43611,0.0
0.75443,0.86064,1.0
0.80743,0.23308,0.0
0.78522,0.36345,0.0
0.5843,0.09619,0.0
0.22137,0.21508,0.0
0.18104,0.34614,0.0
0.96352,0.21234,0.0
0.95396,0.346,0.0
0.68592,0.39098,0.0
0.43873,0.30319,0.0
0.17421,0.2985,0.0
0.74963,0.18768,0.0
0.64711,0.81941,1.0
0.85888,0.57968,0.0
0.34005,0.5433,1.0
0.51885,0.27611,1.0
0.47529,0.79331,0.0
0.08932,0.79903,1.0
0.19489,0.2903,0.0
0.04655,0.10796,0.0
0.62013,0.94254,1.0
0.96223,0.22346,1.0
0.59403,0.89843,1.0
0.39494,0.51202,0.0
0.94988,0.15194,0.0
0.00859,0.5595,0.0
0.91862,0.18509,0.0
0.0969,0.39054,0.0
0.92517,0.53654,0.0
0.13303,0.9546,1.0
0.2085,0.82817,1.0
0.69962,0.30837,0.0
0.0077,0.41708,0.0
0.24504,0.76578,1.0
0.66056,0.63665,1.0
0.50654,0.23837,0.0
0.13676,0.56939,0.0
0.74539,0.21826,1.0
0.22392,0.91387,1.0
0.72125,0.08095,0.0
0.70298,0.79881,1.0
0.8204,0.17524,0.0
0.11036,0.07141,0.0
0.70673,0.36784,0.0
0.75084,0.78504,1.0
0.83309,0.67047,0.0
0.379,0.92006,1.0
0.2706,0.28096,0.0
0.48704,0.44923,1.0
0.49882,0.22705,1.0
0.45219,0.6398,1.0
0.25501,0.59476,0.0
0.40984,0.29076,0.0
0.9618,0.71892,1.0
0.333,0.43932,0.0
0.3179,0.09494,0.0
0.83423,0.8982,1.0
0.29632,0.50202,0.0
0.57493,0.75146,1.0
0.76697,0.00698,0.0
0.78285,0.89208,0.0
0.99397,0.23652,0.0
0.82823,0.93127,1.0
0.08545,0.2337,0.0
0.39958,0.29788,0.0
0.60665,0.22501,0.0
0.62642,0.57147,1.0
0.48068,0.36532,0.0
0.04851,0.36398,0.0
0.47501,0.58061,1.0
0.51166,0.87658,1.0
0.94318,0.47567,0.0
0.47245,0.96278,1.0
0.42082,0.15863,0.0
0.56373,0.95079,1.0
0.38667,0.08415,1.0
0.00262,0.9914,0.0
0.73158,0.52414,0.0
0.69939,0.81444,1.0
0.31155,0.54318,0.0
0.26477,0.74459,1.0
0.78669,0.71995,0.0
0.5023,0.64415,1.0
0.05946,0.5213,0.0
0.36013,0.5878,1.0
0.45585,0.33963,1.0
0.55378,0.29292,1.0
0.06997,0.91462,1.0
0.20532,0.16045,0.0
0.6157,0.17154,0.0
0.9301,0.6336,0.0
0.94963,0.03565,0.0
0.06164,0.81101,1.0
0.25156,0.0459,0.0
0.64948,0.18002,0.0
0.03182,0.30661,0.0
0.67656,0.85378,1.0
0.60786,0.55415,1.0
0.51974,0.6219,1.0
0.86633,0.80333,1.0
0.11228,0.63638,0.0
0.23003,0.40564,0.0
0.80407,0.2342,0.0
0.2853,0.18445,0.0
0.46775,0.78411,1.0
0.06402,0.30764,0.0
0.03708,0.79248,1.0
0.68889,0.76529,0.0
0.71981,0.27432,0.0
0.55368,0.62278,1.0
0.38901,0.8119,1.0
0.77548,0.50389,0.0
0.9667,0.12176,0.0
0.00195,0.45792,0.0
0.93896,0.07565,0.0
0.1946,0.07926,0.0
0.11489,0.00342,0.0
0.69345,0.95207,1.0
0.64124,0.72052,0.0
0.96139,0.42649,0.0
0.99981,0.87588,1.0
0.89966,0.39421,0.0
0.31113,0.61676,0.0
0.76804,0.40175,0.0
0.5583,0.2303,1.0
0.07794,0.04429,0.0
0.26795,0.13205,0.0
0.4233,0.08842,0.0
0.44267,0.67578,1.0
0.37808,0.25448,0.0
0.65904,0.38482,0.0
0.74176,0.08403,0.0
0.78064,0.40037,0.0
0.5586,0.77044,1.0
0.33267,0.50738,0.0
0.20612,0.15425,0.0
0.63453,0.61545,1.0
0.25567,0.75069,1.0
0.45478,0.83189,1.0
0.56079,0.5639,1.0
0.84809,0.57308,0.0
0.53632,0.61033,1.0
0.12344,0.71737,0.0
0.05288,0.44351,0.0
0.21944,0.6595,0.0
0.05339,0.56089,0.0
0.85915,0.67763,0.0
0.80217,0.88432,1.0
0.2606,0.23346,0.0
0.39521,0.16495,0.0
0.98916,0.91649,1.0
0.66933,0.35401,1.0
0.65271,0.8714,1.0
0.35959,0.6444,1.0
0.86739,0.31534,1.0
0.04579,0.64106,1.0
0.67174,0.73043,1.0
0.27978,0.79808,1.0
0.54293,0.09172,0.0
0.63902,0.7174,0.0
0.53933,0.03751,0.0
0.05783,0.26131,0.0
0.44887,0.10164,0.0
0.82513,0.4785,0.0
0.81948,0.46299,0.0
0.23507,0.71951,0.0
0.29617,0.03156,0.0
0.41809,0.11186,1.0
0.0414,0.92247,1.0
0.8662,0.54444,0.0
0.01458,0.89623,0.0
0.35189,0.14868,0.0
0.16664,0.32955,0.0
0.77252,0.98534,1.0
0.05615,0.34368,0.0
0.37173,0.44996,1.0
0.84484,0.58351,0.0
0.83884,0.0439,0.0
0.97811,0.41377,1.0
0.51023,0.51829,1.0
0.18247,0.45134,0.0
0.34743,0.25155,0.0
0.16839,0.15015,0.0
0.33632,0.15697,1.0
0.33563,0.80674,0.0
0.11486,0.87511,1.0
0.47112,0.68857,1.0
0.32215,0.8739,1.0
0.57247,0.46765,1.0
0.76888,0.53521,0.0
0.34699,0.88117,1.0
0.32064,0.53367,0.0
0.77961,0.9982,1.0
0.87512,0.61593,0.0
0.76157,0.82929,1.0
0.83874,0.32772,0.0
0.6867,0.72008,1.0
0.41638,0.27456,0.0
0.82877,0.873,1.0
0.7768,0.88714,1.0
0.42151,0.90484,1.0
0.05061,0.06364,0.0
0.98046,0.58634,1.0
0.73599,0.56212,0.0
0.84046,0.90068,1.0
0.49393,0.63083,1.0
0.15813,0.75933,0.0
0.7229,0.23182,0.0
0.69533,0.17596,0.0
0.17493,0.12041,0.0
0.93963,0.3147,0.0
0.95975,0.20912,0.0
0.45128,0.82066,1.0
0.63714,0.06326,0.0
0.34873,0.01061,0.0
0.96657,0.74854,0.0
0.19963,0.93362,1.0
0.26045,0.34209,0.0
0.81064,0.34213,0.0
0.02852,0.85739,1.0
0.74184,0.79716,1.0
0.01844,0.16099,0.0
0.57589,0.64555,1.0
0.71512,0.2256,1.0
0.04177,0.55116,0.0
0.08116,0.93286,1.0
0.10397,0.9594,1.0
0.91651,0.89378,1.0
0.58806,0.13489,0.0
0.41848,0.83668,1.0
0.32264,0.94312,1.0
0.99333,0.82978,1.0
0.65686,0.51548,0.0
0.37927,0.49232,1.0
0.04435,0.36567,0.0
0.37727,0.44976,1.0
0.53859,0.34745,1.0
0.67294,0.65615,1.0
0.87349,0.99785,1.0
0.47778,0.40436,1.0
0.89828,0.08845,0.0
0.45497,0.74869,1.0
0.26605,0.32756,0.0
0.59218,0.46498,0.0
0.49368,0.29699,1.0
0.7831,0.53009,0.0
0.68143,0.52556,0.0
0.47212,0.80614,1.0
0.34968,0.08156,0.0
0.06995,0.82086,1.0
0.64128,0.30001,0.0
0.68855,0.92702,1.0
0.17074,0.99664,0.0
0.39243,0.77776,0.0
0.22009,0.788,1.0
0.27567,0.5273,0.0
0.58785,0.50189,1.0
0.45174,0.32233,1.0
0.45205,0.51434,1.0
0.77128,0.76953,1.0
0.147,0.67337,0.0
0.25185,0.59905,0.0
0.54998,0.03008,0.0
0.18811,0.07526,0.0
0.28597,0.65496,1.0
0.60767,0.62011,1.0
0.97759,0.4551,0.0
0.41412,0.1766,0.0
0.18603,0.38165,0.0
0.28936,0.18312,0.0
0.2267,0.78058,1.0
0.22959,0.44882,0.0
0.09324,0.91144,1.0
0.35642,0.50842,0.0
0.39993,0.64914,1.0
0.44399,0.62787,1.0
0.59081,0.90135,1.0
0.93067,0.35543,0.0
0.96846,0.22012,0.0
0.94344,0.70912,1.0
0.25299,0.98871,0.0
0.37823,0.32973,0.0
0.92149,0.98866,1.0
0.22191,0.95629,0.0
0.08412,0.98149,1.0
0.64299,0.98747,1.0
0.78068,0.58962,0.0
0.47802,0.82519,1.0
0.83835,0.70391,0.0
0.46512,0.50621,1.0
0.62367,0.5213,1.0
0.20173,0.51113,1.0
0.95736,0.68474,1.0
0.45189,0.40303,0.0
0.62956,0.00218,0.0
0.71433,0.98845,1.0
0.82405,0.68833,0.0
0.54855,0.39369,1.0
0.45661,0.96335,1.0
0.78247,0.93985,1.0
0.84051,0.4578,0.0
0.891,0.21889,0.0
0.16108,0.2943,0.0
0.66911,0.27704,0.0
0.52151,0.55105,1.0
0.43701,0.16584,0.0
0.8649,0.9373,1.0
0.309,0.80806,1.0
0.73455,0.76251,1.0
0.86123,0.37166,0.0
0.05107,0.32953,0.0
0.80867,0.28685,0.0
0.62239,0.62968,1.0
0.34489,0.77186,1.0
0.23019,0.085,0.0
0.24145,0.3827,0.0
0.89504,0.02839,0.0
0.6106,0.92894,1.0
0.27015,0.23113,0.0
0.86683,0.15834,1.0
0.9215,0.32264,0.0
0.50543,0.79158,1.0
0.60915,0.05601,0.0
0.19746,0.91661,0.0
0.57388,0.42839,1.0
0.63547,0.93824,1.0
0.72105,0.17781,0.0
0.46883,0.34439,1.0
0.94746,0.73245,1.0
0.26513,0.78463,0.0
0.64761,0.02121,0.0
0.78695,0.69475,0.0
0.72952,0.56757,0.0
0.09161,0.77376,1.0
0.36956,0.16915,0.0
0.3791,0.2358,0.0
0.40338,0.43746,0.0
0.20906,0.78615,1.0
0.18583,0.77362,0.0
0.51194,0.58146,1.0
0.3187,0.30697,0.0
0.03938,0.12956,0.0
0.94644,0.68931,1.0
0.64251,0.88684,1.0
0.80255,0.9213,1.0
0.84778,0.36859,0.0
0.63092,0.53289,1.0
0.58128,0.63594,1.0
0.8502,0.30443,0.0
0.45081,0.75404,1.0
0.52635,0.70489,0.0
0.55929,0.00726,0.0
0.25285,0.4695,0.0
0.22653,0.39743,0.0
0.74257,0.90215,1.0
0.54905,0.00873,1.0
0.48208,0.89848,1.0
0.34838,0.37117,0.0
0.49202,0.03388,0.0
0.94918,0.79258,1.0
0.02685,0.68643,1.0
0.0827,0.0934,0.0
0.13749,0.82162,1.0
0.46367,0.44436,1.0
0.6186,0.36454,0.0
0.66547,0.17497,0.0
0.2432,0.02648,0.0
0.03365,0.61536,1.0
0.31617,0.97279,1.0
0.77771,0.50851,0.0
0.44771,0.28862,1.0
0.08415,0.20174,0.0
0.84386,0.11567,0.0
0.60065,0.64435,1.0
0.13271,0.38157,0.0
0.43164,0.82885,1.0
0.14164,0.09747,0.0
0.1462,0.93743,1.0
0.30349,0.58881,1.0
0.66412,0.79372,1.0
0.09021,0.29303,0.0
0.43811,0.60935,1.0
0.15734,0.77175,0.0
0.45409,0.06298,0.0
0.36598,0.73685,1.0
0.59966,0.05468,0.0
0.46139,0.64291,1.0
0.38744,0.5827,1.0
0.26634,0.5908,0.0
0.11434,0.255,0.0
0.35921,0.36567,0.0
0.97546,0.06831,0.0
0.96558,0.16143,0.0
0.92419,0.7494,1.0
0.71068,0.50585,0.0
0.7862,0.43982,0.0
0.12899,0.77793,0.0
0.12535,0.08633,0.0
0.5427,0.35113,1.0
0.4675,0.48501,1.0
0.63848,0.6698,1.0
0.12629,0.79435,1.0
0.83366,0.7179,0.0
0.0135,0.83029,1.0
0.99914,0.14849,0.0
0.88964,0.71473,0.0
0.13933,0.89665,1.0
0.85693,0.05098,0.0
0.52057,0.99829,1.0
0.37896,0.68137,1.0
0.4334,0.19619,0.0
0.50111,0.06728,0.0
0.52909,0.69188,1.0
0.528,0.97905,1.0
0.20281,0.17812,0.0
0.55459,0.55449,1.0
0.38605,0.11934,0.0
0.60674,0.51628,0.0
0.56653,0.43798,1.0
0.12611,0.23491,0.0
0.97103,0.66797,0.0
0.28847,0.70972,1.0
0.59594,0.73042,1.0
0.04593,0.12927,0.0
0.81241,0.63312,0.0
0.58454,0.367,1.0
0.38295,0.50896,1.0
0.35514,0.88634,1.0
0.30411,0.9095,1.0
0.35157,0.48475,1.0
0.83608,0.48037,0.0
0.66841,0.74369,0.0
0.73089,0.96434,1.0
0.85981,0.41204,1.0
0.09166,0.8934,1.0
0.64219,0.47895,1.0
0.48316,0.5649,0.0
0.57766,0.43216,1.0
0.9871,0.84721,1.0
0.87036,0.28592,0.0
0.45958,0.0487,0.0
0.52618,0.04058,0.0
0.72055,0.5167,0.0
0.24627,0.01032,0.0
0.23965,0.66589,0.0
0.43849,0.6014,1.0
0.34712,0.52345,1.0
0.55025,0.99634,1.0
0.06856,0.1076,0.0
0.40345,0.46723,1.0
0.40555,0.29022,0.0
0.3741,0.08753,0.0
0.28522,0.80368,1.0
0.76593,0.48188,1.0
0.33492,0.65261,1.0
0.76971,0.08459,0.0
0.87691,0.03858,0.0
0.00061,0.55239,1.0
0.63284,0.07256,0.0
0.92594,0.12072,0.0
0.8717,0.19126,0.0
0.92051,0.62996,0.0
0.54005,0.57411,1.0
0.94103,0.77006,1.0
0.19675,0.08722,0.0
0.76754,0.49973,0.0
0.65137,0.91873,1.0
0.08705,0.06565,0.0
0.95381,0.16024,0.0
0.23622,0.02245,0.0
0.81659,0.64621,0.0
0.86355,0.42602,0.0
0.28413,0.51693,0.0
0.8443,0.83311,1.0
0.33316,0.549,1.0
0.77326,0.50599,0.0
0.28278,0.78171,1.0
0.88397,0.9312,0.0
0.46637,0.62604,1.0
0.37939,0.49544,1.0
0.05692,0.48997,0.0
0.62605,0.79913,1.0
0.95168,0.92586,1.0
0.45289,0.34073,1.0
0.74968,0.75141,1.0
0.35917,0.99722,1.0
0.43093,0.41724,0.0
0.44226,0.18899,0.0
0.46611,0.10608,0.0
0.08411,0.62248,0.0
0.28883,0.85831,1.0
0.4329,0.51262,1.0
0.0277,0.13552,1.0
0.19709,0.00028,0.0
0.77702,0.77185,1.0
0.62004,0.56753,1.0
0.76969,0.15279,0.0
0.7926,0.75744,1.0
0.84904,0.27195,0.0
0.30262,0.63458,1.0
0.74654,0.92474,1.0
0.49017,0.84972,0.0
0.46986,0.9601,1.0
0.78133,0.6988,0.0
0.33357,0.11044,0.0
0.5146,0.31525,1.0
0.8066,0.88841,1.0
0.68737,0.73881,1.0
0.59448,0.75941,1.0
0.65581,0.58138,1.0
0.89459,0.41881,0.0
0.06331,0.72505,1.0
0.40364,0.35261,1.0
0.92277,0.40513,0.0
0.85334,0.56726,1.0
0.95993,0.15972,0.0
0.4984,0.40855,1.0
0.70014,0.40579,0.0
0.84817,0.19949,0.0
0.81837,0.95815,1.0
0.42464,0.22512,1.0
0.24386,0.87531,1.0
0.16896,0.39763,0.0
0.47706,0.06533,0.0
0.74767,0.08749,1.0
0.61554,0.88144,1.0
0.49051,0.63385,1.0
0.43454,0.72522,1.0
0.72481,0.34824,0.0
0.98149,0.45855,0.0
0.58388,0.42789,1.0
0.59321,0.97268,1.0
0.83181,0.56848,0.0
0.3745,0.527,1.0
0.63923,0.6665,1.0
0.46161,0.28192,1.0
0.73469,0.23959,0.0
0.42809,0.45921,1.0
0.11105,0.10959,0.0
0.4433,0.4829,1.0
0.24878,0.51239,0.0
0.94618,0.12137,0.0
0.66639,0.51612,1.0
0.40499,0.36329,1.0
0.18149,0.5639,0.0
0.15444,0.10908,0.0
0.45047,0.24352,1.0
0.45747,0.37629,1.0
0.16581,0.96812,1.0
0.82821,0.12565,0.0
0.5789,0.00523,0.0
0.39396,0.59881,1.0
0.40713,0.37211,1.0
0.03828,0.45187,0.0
0.76191,0.10711,0.0
0.4262,0.94846,1.0
0.33048,0.42384,0.0
0.06952,0.89322,1.0
0.81679,0.47133,1.0
0.70057,0.28519,0.0
0.03422,0.16309,0.0
0.33698,0.0824,0.0
0.21611,0.22687,0.0
0.85728,0.6932,0.0
0.62152,0.87353,1.0
0.13874,0.78434,0.0
0.03015,0.89759,1.0
0.99207,0.35708,0.0
0.38117,0.89807,0.0
0.56623,0.51964,1.0
0.5772,0.17133,0.0
0.8916,0.04083,0.0
0.49201,0.52704,1.0
0.58548,0.04656,0.0
0.40238,0.8141,1.0
0.06072,0.03544,0.0
0.75065,0.0592,0.0
0.11145,0.42675,0.0
0.85532,0.21862,0.0
0.75845,0.96117,1.0
0.67458,0.47287,0.0
0.50626,0.34037,1.0
0.85699,0.64719,0.0
0.2466,0.75069,1.0
0.69908,0.93918,1.0
0.86074,0.71976,0.0
0.16135,0.84945,1.0
0.5491,0.10677,0.0
0.82217,0.11619,0.0
0.16977,0.71818,0.0
0.62242,0.59304,1.0
0.65505,0.85705,1.0
0.07247,0.17646,0.0
0.46586,0.80104,1.0
0.55106,0.52737,1.0
0.29207,0.07507,0.0
0.63912,0.34858,0.0
0.93292,0.76969,1.0
0.82077,0.10165,0.0
0.41061,0.89937,1.0
0.60101,0.42686,1.0
0.78266,0.85739,1.0
0.46678,0.95763,1.0
0.3728,0.58586,1.0
0.15703,0.95956,1.0
0.2741,0.92338,1.0
0.61799,0.59075,1.0
0.02941,0.15426,0.0
0.22456,0.21032,1.0
0.96723,0.89452,1.0
0.89211,0.7469,0.0
0.06356,0.59264,0.0
0.53005,0.76748,1.0
0.38845,0.29309,0.0
0.64967,0.74845,1.0
0.52597,0.90746,1.0
0.55564,0.36159,1.0
0.26183,0.53046,0.0
0.42095,0.76058,1.0
0.92626,0.10149,0.0
0.72093,0.74213,1.0
0.65396,0.91448,1.0
0.57122,0.30766,1.0
0.28092,0.50848,0.0
0.68252,0.4993,0.0
0.49579,0.88677,1.0
0.84958,0.15966,0.0
0.06684,0.12336,0.0
0.38662,0.85088,0.0
0.87443,0.34631,1.0
0.1818,0.82439,1.0
0.47041,0.86904,1.0
0.12202,0.33806,0.0
0.081,0.1894,0.0
0.31675,0.46771,0.0
0.97173,0.41768,0.0
0.32887,0.08816,0.0
0.33941,0.56881,0.0
0.03822,0.78477,1.0
0.46566,0.45126,1.0
0.05197,0.90143,1.0
0.90437,0.16142,0.0
0.87099,0.51311,0.0
0.4685,0.06914,0.0
0.07813,0.02131,0.0
0.04084,0.90667,1.0
0.53611,0.41086,1.0
0.7448,0.69826,0.0
0.63061,0.3315,0.0
0.54686,0.27465,0.0
0.35933,0.1057,0.0
0.23732,0.00125,0.0
0.99144,0.0793,0.0
0.77521,0.49948,0.0
0.70639,0.63548,1.0
0.59628,0.9212,1.0
0.63908,0.90346,1.0
0.58172,0.53452,1.0
0.10126,0.63952,0.0
0.23381,0.07815,0.0
0.36849,0.30878,0.0
0.18878,0.63202,0.0
0.17782,0.18995,0.0
0.89813,0.06256,0.0
0.47981,0.53027,0.0
0.5275,0.74713,0.0
0.46508,0.43901,1.0
0.43323,0.47427,1.0
0.91422,0.41275,0.0
0.71384,0.16563,0.0
0.54193,0.85115,1.0
0.78258,0.17927,0.0
0.34217,0.95052,0.0
0.48278,0.71644,1.0
0.7681,0.86794,1.0
0.34824,0.74747,0.0
0.51818,0.73255,1.0
0.61023,0.43683,1.0
0.55671,0.36309,1.0
0.99076,0.78143,1.0
0.51464,0.7034,1.0
0.57743,0.33539,1.0
0.50305,0.32436,1.0
0.8685,0.17577,0.0
0.45558,0.16559,0.0
0.09208,0.54037,0.0
0.79583,0.972,0.0
0.59807,0.52139,1.0
0.45684,0.23927,1.0
0.50409,0.70702,1.0
0.63103,0.68535,0.0
0.40099,0.71055,1.0
0.61698,0.70283,1.0
0.92676,0.22882,0.0
0.4284,0.84607,1.0
0.37443,0.68038,1.0
0.98774,0.39379,0.0
0.05425,0.84918,1.0
0.26282,0.25766,0.0
0.0422,0.25258,1.0
0.12956,0.15394,0.0
0.90617,0.29448,0.0
0.91519,0.19265,0.0
0.97858,0.02116,0.0
0.6959,0.02642,0.0
0.86409,0.48652,0.0
0.36785,0.80621,1.0
0.95726,0.57267,0.0
0.76252,0.55231,0.0
0.15601,0.37368,0.0
0.69875,0.10552,0.0
0.79727,0.08823,0.0
0.6709,0.4699,0.0
0.11707,0.61687,0.0
0.47502,0.26128,1.0
0.80515,0.33489,0.0
0.53249,0.23568,0.0
0.70057,0.76466,1.0
0.51657,0.29065,1.0
0.95273,0.32901,0.0
0.55355,0.13004,0.0
0.39281,0.32233,0.0
0.59283,0.43605,1.0
0.88361,0.64794,0.0
0.62973,0.13184,0.0
0.40627,0.57536,1.0
0.13155,0.33919,0.0
0.06125,0.9207,0.0
0.28135,0.90815,1.0
0.12457,0.13141,0.0
0.36082,0.32663,0.0
0.41689,0.43857,1.0
0.15926,0.15194,0.0
0.03905,0.0416,0.0
0.55065,0.49927,1.0
0.68236,0.73607,1.0
0.80427,0.84254,0.0
0.71119,0.96886,1.0
0.69125,0.58579,0.0
0.49166,0.15491,0.0
0.24953,0.63548,1.0
0.54031,0.81548,1.0
0.68161,0.29282,0.0
0.78341,0.69662,0.0
0.12609,0.42619,0.0
0.00824,0.86847,1.0
0.82378,0.47034,0.0
0.63327,0.90272,1.0
0.84764,0.86748,0.0
0.12343,0.40942,0.0
0.7044,0.2776,1.0
0.94881,0.01801,0.0
0.85703,0.43384,0.0
0.47913,0.64871,1.0
0.72188,0.75518,1.0
0.12314,0.33434,0.0
0.76647,0.51524,0.0
0.28281,0.94092,1.0
0.79433,0.94787,1.0
0.65887,0.43619,0.0
0.9723,0.24496,0.0
0.0486,0.53667,0.0
0.92417,0.689,0.0
0.81632,0.25598,0.0
0.71139,0.65577,1.0
0.32718,0.60355,1.0
0.21036,0.65755,1.0
0.99451,0.13484,0.0
0.21519,0.96902,1.0
0.97455,0.56753,0.0
0.11736,0.90814,1.0
0.87686,0.0618,0.0
0.09955,0.36389,0.0
0.04508,0.99848,0.0
0.79194,0.12369,0.0
0.21821,0.18227,0.0
0.14281,0.69985,0.0
0.75986,0.8743,1.0
0.16236,0.92791,1.0
0.79548,0.73776,0.0
0.92512,0.69212,0.0
0.41292,0.36955,1.0
0.44518,0.43753,1.0
0.16998,0.80417,1.0
0.53154,0.26713,1.0
0.33911,0.92448,1.0
0.37325,0.47452,1.0
0.45803,0.87681,1.0
0.65519,0.85861,1.0
0.15587,0.98127,1.0
0.20559,0.0327,0.0
0.08576,0.11706,0.0
0.81938,0.50347,0.0
0.7419,0.404,0.0
0.55618,0.29279,1.0
0.17981,0.82711,1.0
0.26294,0.69559,1.0
0.23581,0.17947,0.0
0.453,0.87424,0.0
0.54706,0.50044,1.0
0.11624,0.77314,1.0
0.50681,0.02074,0.0
0.83889,0.78308,0.0
0.58803,0.12349,0.0
0.81311,0.36462,0.0
0.95076,0.10357,0.0
0.30952,0.31437,0.0
0.45826,0.73869,1.0
0.41617,0.88469,1.0
0.5323,0.54275,1.0
0.23653,0.9145,1.0
0.17531,0.56995,1.0
0.10275,0.51411,0.0
0.559,0.09233,1.0
0.51001,0.71862,1.0
0.02068,0.62152,1.0
0.17662,0.35613,0.0
0.55992,0.08243,0.0
0.57365,0.81252,1.0
0.00912,0.78586,1.0
0.26498,0.80098,0.0
0.6263,0.05932,0.0
0.6249,0.47539,1.0
0.88196,0.97767,0.0
0.04335,0.76229,1.0
0.26269,0.22661,0.0
0.90349,0.91859,1.0
0.74812,0.00151,0.0
0.85552,0.08092,1.0
0.012,0.70589,1.0
0.06055,0.90895,1.0
0.03112,0.22828,1.0
0.55374,0.55755,1.0
0.05439,0.62013,0.0
0.05876,0.7069,1.0
0.42792,0.12469,0.0
0.51349,0.05767,0.0
0.27088,0.18284,0.0
0.0104,0.14703,0.0
0.19086,0.06664,0.0
0.06923,0.67385,0.0
0.94819,0.2386,0.0
0.39776,0.80091,0.0
0.93513,0.25154,0.0
0.74021,0.88774,1.0
0.05339,0.8783,1.0
0.32259,0.25445,0.0
0.36187,0.98459,1.0
0.93621,0.53483,0.0
0.45768,0.72188,1.0
0.73341,0.13065,0.0
0.8298,0.12751,0.0
0.16926,0.21101,1.0
0.22591,0.84599,1.0
0.69435,0.8588,1.0
0.55257,0.94263,1.0
0.51375,0.25952,1.0
0.13475,0.28992,0.0
0.26527,0.55164,0.0
0.28778,0.29945,0.0
0.65117,0.83131,1.0
0.6102,0.87881,1.0
0.75541,0.23873,0.0
0.58019,0.62774,1.0
0.0401,0.66377,1.0
0.49177,0.90824,1.0
0.33475,0.17486,0.0
0.18284,0.50274,0.0
0.91742,0.17099,0.0
0.52893,0.37186,1.0
0.03713,0.51836,0.0
0.13337,0.2498,1.0
0.22335,0.81136,1.0
0.34756,0.78854,1.0
0.54141,0.93524,1.0
0.2014,0.96147,1.0
0.14068,0.65712,0.0
0.65649,0.47312,1.0
0.11501,0.72045,1.0
0.37187,0.52431,1.0
0.27084,0.87705,1.0
0.98354,0.65242,1.0
0.36278,0.18062,0.0
0.79873,0.58541,0.0
0.01357,0.3058,0.0
0.61743,0.42689,1.0
0.0654,0.92321,1.0
0.77147,0.43535,0.0
0.63921,0.83373,1.0
0.28022,0.8949,1.0
0.46051,0.25409,1.0
0.95043,0.46468,0.0
0.21529,0.08263,0.0
0.93634,0.39856,0.0
0.81081,0.8848,1.0
0.31086,0.56489,1.0
0.08377,0.15622,1.0
0.46694,0.30665,0.0
0.43476,0.97688,1.0
0.80538,0.18298,1.0
0.0457,0.64799,0.0
0.34898,0.94367,0.0
0.0636,0.22319,0.0
0.21655,0.89517,1.0
0.47849,0.78988,0.0
0.81675,0.17178,1.0
0.64437,0.51939,0.0
0.22501,0.26447,1.0
0.08578,0.64554,1.0
0.58845,0.52584,1.0
0.85215,0.40879,1.0
0.98916,0.80681,0.0
0.49857,0.89571,0.0
0.35987,0.22896,0.0
0.9341,0.39282,1.0
0.57056,0.49705,0.0
0.5628,0.62667,0.0
0.12703,0.97651,0.0
0.73945,0.50366,1.0
0.5096,0.06006,1.0
0.09161,0.32625,1.0
0.74262,0.31944,1.0
0.43088,0.87958,0.0
0.38507,0.86676,0.0
0.96324,0.75029,0.0
0.16622,0.50185,1.0
0.2582,0.92072,0.0
0.26068,0.99177,1.0
0.15184,0.57858,1.0
0.26282,0.25067,1.0
0.25605,0.10564,1.0
0.4505,0.32056,0.0
0.68772,0.27272,1.0
0.3366,0.88266,0.0
0.03961,0.69785,0.0
0.5898,0.40918,0.0
0.52145,0.35132,1.0
0.20269,0.58298,1.0
0.559,0.5797,0.0
0.69163,0.09106,1.0
0.13329,0.69493,1.0
0.31564,0.64634,0.0
0.06211,0.11885,0.0
0.65421,0.37625,0.0
0.42152,0.66952,0.0
0.30952,0.50591,1.0
0.93582,0.69653,0.0
0.81193,0.70196,1.0
0.0982,0.60446,1.0
0.4959,0.20593,0.0
0.73499,0.18647,1.0
0.56537,0.8917,1.0
0.15629,0.46715,1.0
0.99789,0.55702,0.0
0.72637,0.49801,1.0
0.37185,0.10563,1.0
0.5644,0.58932,0.0
0.86748,0.95097,0.0
0.97844,0.75603,0.0
0.56554,0.71974,0.0
0.15233,0.88903,0.0
0.18774,0.0822,1.0
0.86807,0.4626,1.0
0.74929,0.89301,0.0
0.15654,0.52016,1.0
0.6783,0.49409,1.0
0.13144,0.12671,1.0
0.47724,0.20893,0.0
0.46468,0.27436,0.0
0.24566,0.99119,0.0
0.52958,0.94138,0.0
0.25581,0.51577,1.0
0.40004,0.71846,0.0
0.24253,0.10326,1.0
0.90321,0.62901,1.0
0.62221,0.48249,0.0
0.43347,0.23762,1.0
0.51964,0.67859,0.0
0.46487,0.37098,0.0
0.84857,0.21537,0.0
0.26212,0.07961,1.0
0.44028,0.6712,0.0
0.538,0.96484,0.0
0.8513,0.89149,0.0
0.65127,0.38324,0.0
0.62983,0.29834,1.0
0.44683,0.04033,1.0
0.51207,0.99048,0.0
0.86236,0.2631,1.0
0.03179,0.60905,0.0
0.71296,0.51195,1.0
0.02051,0.51035,1.0
0.60545,0.95776,0.0
0.3807,0.81428,0.0
0.3297,0.53468,0.0
0.59655,0.60361,0.0
0.93016,0.06496,1.0
0.5761,0.517,0.0
0.05549,0.15794,1.0
0.69416,0.89648,0.0
0.69148,0.72301,0.0
0.31339,0.63818,0.0
0.61607,0.06874,1.0
0.69042,0.15454,1.0
0.95034,0.33265,1.0
0.55409,0.80641,0.0
0.29193,0.09032,1.0
0.62892,0.98441,0.0
0.89281,0.22548,1.0
0.98923,0.30087,1.0
0.52002,0.01639,0.0
0.73973,0.2169,1.0
0.08631,0.66529,1.0
0.42182,0.46453,0.0
0.77145,0.7396,1.0
0.07114,0.54701,1.0
0.08854,0.47975,1.0
0.72858,0.96456,0.0
0.31346,0.87585,0.0
0.44836,0.88263,0.0
0.76298,0.5988,1.0
0.24974,0.89217,0.0
0.82905,0.0546,1.0
0.70051,0.73707,0.0
0.31888,0.49575,1.0
0.97303,0.39446,1.0
0.85448,0.94526,0.0
0.94421,0.61348,1.0
0.71999,0.82282,0.0
0.51861,0.71686,0.0
0.51931,0.67476,1.0
0.72657,0.72043,0.0
0.04392,0.28446,1.0
0.43751,0.00166,0.0
0.73056,0.59773,1.0
0.9453,0.78758,0.0
0.4481,0.60664,0.0
0.50056,0.39378,0.0
0.09126,0.08601,1.0
0.02489,0.22748,1.0
0.82211,0.22686,0.0
0.42682,0.82053,0.0
0.31008,0.55933,1.0
0.27056,0.84299,0.0
0.67089,0.69896,0.0
0.97497,0.79926,0.0
0.8128,0.33813,1.0
0.02532,0.93375,0.0
0.804,0.26547,1.0
0.26898,0.77961,1.0
0.53154,0.43367,0.0
0.62001,0.70498,0.0
0.1417,0.5214,1.0
0.35333,0.11073,1.0
0.50532,0.47813,0.0
0.32997,0.5437,0.0
0.79849,0.58351,1.0
0.26288,0.6519,1.0
0.95219,0.70837,0.0
0.30225,0.05323,1.0
0.01186,0.84511,0.0
0.04956,0.35477,1.0
0.24085,0.84012,0.0
0.97862,0.18531,1.0
0.02988,0.80263,0.0
0.09756,0.67065,1.0
0.94026,0.15859,1.0
0.82566,0.37376,1.0
0.64195,0.49915,0.0
0.38132,0.89326,0.0
0.96449,0.77133,0.0
0.4206,0.44955,0.0
0.45162,0.54241,0.0
0.85257,0.18493,1.0
0.07373,0.54691,1.0
0.61976,0.37153,1.0
0.00328,0.33515,1.0
0.18663,0.71784,1.0
0.21168,0.33266,0.0
0.64813,0.90078,0.0
0.00033,0.52721,0.0
0.84118,0.24832,1.0
0.28784,0.95744,1.0
0.95803,0.18914,0.0
0.67226,0.98374,0.0
0.87696,0.53371,1.0
0.72523,0.48252,1.0
0.05965,0.42164,0.0
0.6967,0.80043,0.0
0.10741,0.83359,0.0
0.38356,0.94038,0.0
0.43998,0.986,0.0
0.20617,0.10977,1.0
0.64958,0.8771,0.0
0.32028,0.87666,0.0
0.12682,0.65086,1.0
0.43946,0.47062,0.0
0.90787,0.06702,1.0
0.06877,0.43211,1.0
0.61499,0.70984,0.0
0.02998,0.26268,1.0
0.86887,0.01024,1.0
0.67268,0.16741,1.0
0.20072,0.82217,1.0
0.31628,0.01682,1.0
0.57155,0.19987,0.0
0.24845,0.65222,1.0
0.34293,0.95444,0.0
0.8427,0.414,1.0
0.39515,0.67163,0.0
0.30835,0.50603,1.0
0.91844,0.37336,1.0
0.25248,0.48304,1.0
0.55538,0.85302,1.0
0.43001,0.32819,0.0
0.15401,0.03907,1.0
0.93746,0.34339,0.0
0.41975,0.56318,0.0
0.3202,0.97472,0.0
0.69581,0.09777,1.0
0.74239,0.86957,0.0
0.01357,0.61492,0.0
0.7815,0.7776,0.0
0.62133,0.95851,0.0
0.99141,0.95303,0.0
0.7555,0.37778,1.0
0.94865,0.37551,1.0
0.6974,0.30593,1.0
0.70467,0.47037,1.0
0.06177,0.47953,1.0
0.14289,0.65581,0.0
0.27179,0.48814,1.0
0.77259,0.03671,1.0
0.82316,0.49247,1.0
0.02731,0.74935,0.0
0.94739,0.43957,1.0
0.78495,0.91087,0.0
0.44098,0.9257,0.0
0.56119,0.92897,0.0
0.06478,0.01336,1.0
0.6483,0.68276,0.0
0.30716,0.77836,0.0
0.9488,0.10899,1.0
0.55699,0.27256,0.0
0.06616,0.40146,1.0
0.17457,0.2805,1.0
0.02746,0.12234,1.0
0.81246,0.94891,0.0
0.48772,0.98073,0.0
0.0509,0.2244,1.0
0.90011,0.16091,1.0
0.39483,0.96516,0.0
0.38045,0.63663,0.0
0.57897,0.99131,0.0
0.78277,0.09518,1.0
0.12239,0.36453,1.0
0.3448,0.9945,0.0
0.11157,0.73297,1.0
0.63083,0.14465,1.0
0.17761,0.27214,1.0
0.62214,0.11932,1.0
0.84111,0.66019,0.0
0.19924,0.73993,1.0
0.02438,0.20664,1.0
0.16998,0.11907,1.0
0.30933,0.6869,0.0
0.0123,0.41588,1.0
0.07514,0.63662,1.0
0.25932,0.88259,0.0
0.81204,0.13414,1.0
0.27529,0.84457,0.0
0.30512,0.82645,0.0
0.91212,0.84887,1.0
0.61656,0.97739,0.0
0.91043,0.09776,1.0
0.22809,0.22801,1.0
0.26893,0.69283,1.0
0.6751,0.44359,1.0
0.59096,0.06801,1.0
0.49229,0.41178,0.0
0.3121,0.9426,0.0
0.59224,0.66307,0.0
0.65943,0.23401,1.0
0.06665,0.53835,1.0
0.89152,0.49561,1.0
0.83739,0.21783,1.0
0.029,0.30771,0.0
0.07705,0.51312,1.0
0.12383,0.02477,1.0
0.01311,0.6905,0.0
0.33238,0.65165,0.0
0.81296,0.48438,1.0
0.8197,0.76994,1.0
0.74642,0.81232,0.0
0.29938,0.55288,1.0
0.36526,0.21803,1.0
0.62407,0.69601,1.0
0.42917,0.63104,0.0
0.81093,0.66681,1.0
0.93835,0.61811,1.0
0.61656,0.97997,0.0
0.44958,0.37914,0.0
0.62356,0.28837,0.0
0.22815,0.10792,1.0
0.67507,0.84572,0.0
0.15469,0.22805,1.0
0.2923,0.16703,1.0
0.32567,0.80203,1.0
0.87709,0.55167,0.0
0.40699,0.09833,1.0
0.39483,0.05853,1.0
0.63049,0.1968,1.0
0.17558,0.68862,1.0
0.2769,0.66635,0.0
0.21053,0.34091,1.0
0.17141,0.36993,1.0
0.13628,0.86395,0.0
0.15438,0.18786,0.0
0.58659,0.78192,0.0
0.41714,0.16038,1.0
0.60416,0.60417,0.0
0.6749,0.56659,0.0
0.09853,0.13773,1.0
0.60092,0.11899,1.0
0.19227,0.50969,1.0
0.2479,0.37417,0.0
0.28269,0.6614,0.0
0.02291,0.28132,1.0
0.69503,0.56683,1.0
0.18776,0.36225,1.0
0.91385,0.93544,0.0
0.74501,0.99403,0.0
0.55482,0.41884,0.0
0.47077,0.45661,0.0
0.59676,0.61574,0.0
0.56874,0.89573,0.0
0.04926,0.7116,0.0
0.49885,0.75007,0.0
0.79084,0.19823,1.0
0.54044,0.57504,0.0
0.77486,0.10462,0.0
0.47696,0.08088,1.0
0.28436,0.24207,1.0
0.48173,0.49206,0.0
0.83006,0.99843,0.0
0.46666,0.34605,0.0
0.4679,0.10805,1.0
0.40622,0.25568,1.0
0.15318,0.27746,1.0
0.2848,0.64496,0.0
0.58118,0.2668,1.0
0.13827,0.86762,0.0
0.65827,0.86064,0.0
0.06363,0.24559,1.0
0.81218,0.31589,1.0
0.88342,0.13759,0.0
0.75701,0.28436,1.0
0.85927,0.64662,1.0
0.29467,0.84752,1.0
0.12904,0.79825,0.0
0.78587,0.29599,1.0
0.20118,0.90129,0.0
0.52952,0.74905,0.0
0.12042,0.97158,0.0
0.57269,0.06311,1.0
0.2603,0.91027,0.0
0.38132,0.00585,1.0
0.15069,0.96193,0.0
0.53646,0.70382,0.0
0.25969,0.17276,1.0
0.29255,0.56078,1.0
0.21149,0.4392,1.0
0.30879,0.57873,0.0
0.05866,0.97471,0.0
0.31678,0.37959,1.0
0.73687,0.05229,1.0
0.86697,0.13286,1.0
0.81617,0.12167,1.0
0.33924,0.88047,0.0
0.3681,0.29217,0.0
0.04038,0.63624,0.0
0.63854,0.57637,0.0
0.01953,0.28413,1.0
0.97266,0.89363,0.0
0.6463,0.69807,0.0
0.17445,0.98173,0.0
0.54477,0.30369,0.0
0.30974,0.50199,1.0
0.52512,0.22258,0.0
0.04075,0.23879,1.0
0.24232,0.98447,0.0
0.47222,0.40259,0.0
0.26148,0.7605,0.0
0.89858,0.91506,0.0
0.07285,0.52952,0.0
0.93452,0.39162,1.0
0.22021,0.94639,0.0
0.84222,0.87842,0.0
0.58526,0.7916,0.0
0.99776,0.19252,1.0
0.02187,0.95847,0.0
0.32507,0.88795,0.0
0.59438,0.73181,0.0
0.98523,0.08238,1.0
0.86398,0.24244,1.0
0.9607,0.7292,0.0
0.05614,0.71187,0.0
0.7023,0.63,0.0
0.2924,0.74181,1.0
0.35598,0.15989,1.0
0.54427,0.95544,0.0
0.74849,0.63522,1.0
0.98517,0.59194,0.0
0.23431,0.10785,1.0
0.65417,0.64068,0.0
0.89084,0.01888,1.0
0.10467,0.09091,0.0
0.26127,0.69592,0.0
0.73663,0.0882,1.0
0.58837,0.73675,0.0
0.38531,0.92717,0.0
0.40098,0.81308,0.0
0.59391,0.89112,0.0
0.11642,0.32007,1.0
0.07935,0.77206,0.0
0.40575,0.97164,1.0
0.17883,0.31169,1.0
0.56998,0.19819,0.0
0.11561,0.97702,0.0
0.02812,0.42202,1.0
0.53248,0.89115,0.0
0.78673,0.0721,1.0
0.34386,0.9345,0.0
0.92795,0.89268,0.0
0.9907,0.15478,1.0
0.3464,0.02558,1.0
0.67588,0.13002,1.0
0.42965,0.02745,1.0
0.43029,0.39455,0.0
0.90509,0.47447,1.0
0.87828,0.55328,1.0
0.38635,0.69872,0.0
0.19369,0.03575,1.0
0.17839,0.80517,1.0
0.54058,0.98971,0.0
0.90406,0.81936,0.0
0.97124,0.33235,1.0
0.66568,0.28492,1.0
0.50048,0.98154,0.0
0.19083,0.6735,1.0
0.79228,0.84621,0.0
0.42736,0.65453,1.0
0.73615,0.00486,1.0
0.68198,0.95843,0.0
0.53689,0.54212,0.0
0.90928,0.1386,1.0
0.04222,0.07323,1.0
0.77561,0.70657,1.0
0.88402,0.52606,1.0
0.09233,0.66349,1.0
0.9051,0.68236,1.0
0.5672,0.01821,1.0
0.63993,0.02577,1.0
0.17513,0.538,1.0
0.68332,0.89641,0.0
0.30012,0.44329,1.0
0.99448,0.61011,0.0
0.63129,0.07943,0.0
0.54721,0.45707,0.0
0.6175,0.34981,0.0
0.60782,0.74733,0.0
0.11618,0.78451,0.0
0.81717,0.3781,1.0
0.57187,0.36526,0.0
0.43264,0.40166,0.0
0.33573,0.29538,1.0
0.86664,0.49976,1.0
0.45968,0.57989,0.0
0.88165,0.12656,1.0
0.48429,0.28456,0.0
0.99856,0.92528,0.0
0.92017,0.84423,1.0
0.98421,0.76107,0.0
0.18375,0.01926,1.0
0.01122,0.91749,0.0
0.61807,0.1269,1.0
0.21339,0.43057,1.0
0.07606,0.19191,1.0
0.13878,0.84944,0.0
0.00252,0.71094,0.0
0.13524,0.50972,1.0
0.50143,0.26875,0.0
0.75316,0.62636,1.0
0.52781,0.67732,0.0
0.08867,0.03821,1.0
0.42391,0.67233,0.0
0.34706,0.30634,1.0
0.38343,0.81061,0.0
0.01938,0.09328,1.0
0.3879,0.9993,0.0
0.3797,0.62874,0.0
0.44358,0.21027,1.0
0.05526,0.34211,1.0
0.67382,0.07738,0.0
0.38793,0.97223,0.0
0.22836,0.31279,1.0
0.79262,0.83997,0.0
0.58512,0.56513,0.0
0.89684,0.96472,0.0
0.64898,0.9794,0.0
0.16443,0.11889,1.0
0.45731,0.39542,0.0
0.13885,0.62088,1.0
0.15896,0.92041,0.0
0.45767,0.10262,1.0
0.09535,0.32933,0.0
0.49911,0.08922,1.0
0.63402,0.14599,1.0
0.65504,0.84257,0.0
0.84369,0.56244,1.0
0.86328,0.99355,0.0
0.09592,0.15044,1.0
0.12528,0.82101,0.0
0.38318,0.27753,1.0
0.45453,0.77084,0.0
0.70983,0.84332,0.0
0.37356,0.93304,0.0
0.50471,0.3224,0.0
0.99736,0.65057,0.0
0.81829,0.90089,0.0
0.9855,0.28363,1.0
0.12436,0.80767,0.0
0.50361,0.53467,0.0
0.7787,0.23112,1.0
0.89735,0.16494,1.0
0.91445,0.81681,0.0
0.77039,0.9297,0.0
0.4235,0.51544,0.0
0.25823,0.936,1.0
0.6139,0.03008,1.0
0.06955,0.99306,0.0
0.26546,0.29073,1.0
0.505,0.86957,0.0
0.70181,0.97129,0.0
0.0927,0.70262,1.0
0.84987,0.61614,1.0
0.60672,0.21541,1.0
0.54827,0.87139,0.0
0.5984,0.00682,1.0
0.53396,0.12258,1.0
0.15499,0.63933,1.0
0.14086,0.46198,1.0
0.91229,0.40954,1.0
0.61498,0.87304,0.0
0.29773,0.44793,1.0
0.80697,0.95528,0.0
0.38428,0.45355,0.0
0.05941,0.97635,0.0
0.95496,0.56694,1.0
0.29567,0.3498,1.0
0.00218,0.729,0.0
0.5394,0.79915,0.0
0.90611,0.08709,1.0
0.87108,0.91041,0.0
0.12406,0.11173,1.0
0.8855,0.46594,1.0
0.29804,0.77971,0.0
0.15312,0.27892,1.0
0.71738,0.45202,1.0
0.68371,0.40151,1.0
0.50512,0.94356,0.0
0.08063,0.62489,1.0
0.43772,0.51516,0.0
0.51639,0.09902,1.0
0.41853,0.75096,0.0
0.3536,0.44803,0.0
0.24886,0.20244,1.0
0.10142,0.1941,1.0
0.53902,0.70154,0.0
0.41127,0.48548,0.0
0.36978,0.49637,0.0
0.77897,0.15716,1.0
0.86558,0.80455,0.0
0.13963,0.46218,1.0
0.97961,0.92195,1.0
0.56374,0.95003,0.0
0.60177,0.44909,0.0
0.64987,0.57812,0.0
0.97285,0.06217,1.0
0.52437,0.88444,0.0
0.74676,0.42624,1.0
0.31821,0.5669,0.0
0.21572,0.1511,1.0
0.85238,0.93133,0.0
0.45883,0.33998,0.0
0.22021,0.78403,0.0
0.63637,0.33194,1.0
0.94305,0.94565,0.0
0.50174,0.59454,1.0
0.81288,0.08584,1.0
0.16604,0.01007,1.0
0.97376,0.35812,0.0
0.13388,0.5377,0.0
0.17956,0.57458,1.0
0.96883,0.20362,0.0
0.06955,0.83082,1.0
0.17451,0.39123,1.0
0.4302,0.71845,1.0
0.95516,0.6955,0.0
0.30458,0.65501,0.0
0.66717,0.97008,0.0
0.17269,0.93222,0.0
0.18495,0.53075,0.0
0.2312,0.21918,1.0
0.35286,0.62922,0.0
0.8977,0.54627,1.0
0.22448,0.42885,1.0
0.77147,0.77744,0.0
0.48356,0.76386,0.0
0.00812,0.69809,0.0
0.61052,0.86386,0.0
0.40759,0.49042,0.0
0.05764,0.29268,0.0
0.15164,0.58419,1.0
0.71424,0.06255,1.0
0.55223,0.58784,0.0
0.00376,0.84709,0.0
0.0698,0.89558,0.0
0.48779,0.396,0.0
0.70973,0.28371,1.0
0.93271,0.95461,0.0
0.1515,0.469,1.0
0.92109,0.17108,1.0
0.34932,0.59332,0.0
0.26199,0.98819,0.0
0.14954,0.50286,1.0
0.46663,0.39019,0.0
0.48462,0.68487,0.0
0.41836,0.2398,1.0
0.50272,0.30926,0.0
0.40094,0.972,1.0
0.39675,0.44648,0.0
0.31013,0.57306,0.0
0.26286,0.88638,0.0
0.57494,0.81973,0.0
0.9286,0.9313,0.0
0.85229,0.37701,1.0
0.30607,0.88173,0.0
0.68814,0.69972,0.0
0.77524,0.84084,0.0
0.51888,0.05139,1.0
0.52858,0.58233,0.0
0.18559,0.30681,1.0
0.99476,0.33424,1.0
0.85993,0.31019,1.0
0.45363,0.74172,0.0
0.47778,0.90626,0.0
0.80674,0.31067,1.0
0.48807,0.20937,0.0
0.74093,0.53298,0.0
0.29139,0.47063,1.0
0.00115,0.60036,1.0
0.81676,0.87213,0.0
0.27296,0.39226,1.0
0.0738,0.73265,0.0
0.09662,0.04709,0.0
0.29895,0.7608,0.0
0.86817,0.10144,1.0
0.95511,0.54107,1.0
0.99049,0.57452,0.0
0.27896,0.03485,1.0
0.74758,0.05697,1.0
0.75407,0.59622,1.0
0.80946,0.35361,1.0
0.01975,0.72001,0.0
0.78612,0.86911,0.0
0.92841,0.05513,1.0
0.2821,0.07132,1.0
0.83205,0.97297,0.0
0.89224,0.08145,0.0
0.35664,0.50907,0.0
0.2421,0.10909,1.0
0.95124,0.65281,0.0
0.35261,0.63852,0.0
0.64647,0.38387,1.0
0.81504,0.83048,0.0
0.21976,0.76437,0.0
0.508,0.98387,0.0
0.43324,0.61692,0.0
0.21284,0.5155,1.0
0.17867,0.9664,0.0
0.87917,0.47179,1.0
0.16196,0.0566,1.0
0.0422,0.58411,1.0
0.07041,0.64822,1.0
0.38899,0.87353,0.0
0.28345,0.70126,0.0
0.44162,0.79643,0.0
0.43565,0.0221,0.0
0.92246,0.74693,0.0
0.76979,0.33139,1.0
0.16247,0.12378,1.0
0.25028,0.88877,0.0
0.55981,0.01004,1.0
0.93782,0.66156,1.0
0.16493,0.7685,1.0
0.45842,0.04625,1.0
0.48669,0.62525,0.0
0.35463,0.0501,1.0
0.08465,0.41458,1.0
0.37254,0.64558,0.0
0.34302,0.58531,0.0
0.10056,0.38706,1.0
0.03325,0.64008,0.0
0.54899,0.46723,1.0
0.6822,0.09942,1.0
0.52166,0.93041,0.0
0.78053,0.92519,0.0
0.57943,0.66021,0.0
0.87512,0.00258,1.0
0.26391,0.22184,1.0
0.53434,0.46971,0.0
0.16799,0.21691,1.0
0.41077,0.62797,0.0
0.53333,0.43106,1.0
0.76841,0.11348,1.0
0.09761,0.91127,0.0
0.37908,0.64815,0.0
0.191,0.72153,1.0
0.13041,0.16571,1.0
0.62173,0.69098,0.0
0.06196,0.79031,0.0
0.31638,0.25102,0.0
0.09179,0.95006,0.0
0.77815,0.59553,1.0
0.2056,0.35898,1.0
0.74152,0.04574,1.0
0.38307,0.79917,1.0
0.54012,0.5841,0.0
0.31927,0.57209,0.0
0.50866,0.65195,0.0
0.48966,0.60661,1.0
0.34487,0.83876,0.0
0.7627,0.8371,0.0
0.97452,0.27297,1.0
0.66779,0.46155,1.0
0.12946,0.16972,1.0
0.37875,0.65237,0.0
0.81886,0.98247,0.0
0.21569,0.32294,0.0
0.14197,0.45832,1.0
0.59942,0.70147,0.0
0.20109,0.07067,1.0
0.82497,0.18008,1.0
0.45395,0.8141,0.0
0.58007,0.82948,0.0
0.29995,0.81844,0.0
0.99248,0.39076,1.0
0.32,0.71882,0.0
0.30332,0.47286,1.0
0.91096,0.73296,0.0
0.90929,0.37289,1.0
0.73003,0.97939,0.0
0.50036,0.89155,0.0
0.47323,0.14849,1.0
0.50897,0.76692,0.0
0.75207,0.92581,0.0
0.06392,0.75901,0.0
0.14967,0.75241,1.0
0.50814,0.75558,0.0
0.06904,0.3884,1.0
0.83134,0.70529,1.0
0.29048,0.60138,1.0
0.55944,0.3358,0.0
0.59863,0.88116,0.0
0.05064,0.54236,1.0
0.56612,0.26473,0.0
0.542,0.72187,0.0
0.83419,0.05305,1.0
0.0551,0.08818,1.0
0.4053,0.57532,0.0
0.47434,0.47418,0.0
0.79457,0.8259,0.0
0.99027,0.05396,1.0
0.1214,0.06617,1.0
0.08808,0.21407,1.0
0.91169,0.473,1.0
0.80243,0.19715,1.0
0.57922,0.98906,0.0
0.96907,0.69877,0.0
0.28006,0.63268,1.0
0.49769,0.78855,0.0
0.95902,0.02339,1.0
0.78167,0.60663,1.0
0.87337,0.78036,0.0
0.42844,0.57501,0.0
0.21287,0.46899,1.0
0.86154,0.01816,0.0
0.62443,0.52047,0.0
0.63932,0.63759,0.0
0.4859,0.54136,0.0
0.39799,0.17946,1.0
0.88099,0.03492,1.0
0.92939,0.04558,1.0
0.22757,0.16808,1.0
0.79279,0.29514,1.0
0.64591,0.81673,0.0
0.50178,0.45734,0.0
0.5202,0.32329,0.0
0.51013,0.11833,1.0
0.71452,0.07702,1.0
0.36312,0.53075,0.0
0.68359,0.42088,1.0
0.15774,0.53574,1.0
0.84792,0.67655,1.0
0.72884,0.83837,0.0
0.52711,0.9725,0.0
0.1766,0.94316,1.0
0.36719,0.15792,1.0
0.25856,0.94479,0.0
0.12003,0.97825,0.0
0.64436,0.31886,0.0
0.97279,0.89851,0.0
0.24834,0.08618,1.0
0.68493,0.34222,0.0
0.64555,0.66311,0.0
0.0163,0.54797,0.0
0.68983,0.1328,1.0
0.07376,0.14978,0.0
0.48604,0.31297,0.0
0.19582,0.63057,1.0
0.5316,0.01425,0.0
0.42144,0.07683,1.0
0.25609,0.41169,1.0
0.37554,0.7461,0.0
0.93085,0.29189,0.0
0.53718,0.40211,0.0
0.61604,0.92434,0.0
0.78555,0.92247,0.0
0.88578,0.04491,1.0
0.53815,0.75442,0.0
0.27657,0.44923,1.0
0.55509,0.64295,0.0
0.42273,0.85903,0.0
0.53286,0.24252,0.0
0.01758,0.69223,0.0
0.41969,0.54175,0.0
0.46326,0.37256,0.0
0.45451,0.57385,0.0
0.37314,0.09112,1.0
0.82149,0.20479,1.0
0.72388,0.43005,1.0
0.09069,0.00433,1.0
0.87981,0.80324,0.0
0.3902,0.12978,1.0
0.13047,0.50585,1.0
0.35805,0.83376,0.0
0.78149,0.91107,0.0
0.19592,0.83413,0.0
0.18081,0.96017,0.0
0.44797,0.45134,0.0
0.46876,0.39027,0.0
0.56761,0.56798,0.0
0.9299,0.49445,1.0
0.56218,0.2069,1.0
0.45671,0.70381,0.0
0.27478,0.82822,0.0
0.64077,0.1612,1.0
0.41999,0.47089,0.0
0.60976,0.1165,1.0
0.97911,0.00304,1.0
0.60088,0.94225,0.0
0.58553,0.56691,1.0
0.47528,0.62007,0.0
0.38445,0.66063,0.0
0.51305,0.41119,0.0
0.85592,0.28338,1.0
0.75794,0.21568,1.0
0.10879,0.76516,0.0
0.78433,0.54783,1.0
0.21297,0.88638,0.0
0.42261,0.38565,0.0
0.65864,0.16987,1.0
0.45067,0.17614,1.0
0.28782,0.85746,0.0
0.35112,0.05585,1.0
0.06802,0.78826,1.0
0.90467,0.76785,1.0
0.10081,0.9862,0.0
0.82006,0.17976,1.0
0.59374,0.49898,0.0
0.48477,0.95403,0.0
0.35922,0.42043,1.0
0.76329,0.41006,1.0
0.31823,0.33919,1.0
0.64647,0.42954,0.0
0.84662,0.84948,0.0
0.0385,0.90518,1.0
0.29775,0.88481,0.0
0.54376,0.51396,0.0
0.82742,0.63419,1.0
0.14304,0.09392,1.0
0.53575,0.16095,1.0
0.98587,0.55181,0.0
0.64263,0.51711,0.0
0.14721,0.11752,0.0
0.80993,0.23597,1.0
0.82783,0.69313,1.0
0.14297,0.91173,0.0
0.76262,0.0339,1.0
0.99456,0.55042,0.0
0.54789,0.88914,0.0
0.08817,0.95034,0.0
0.60523,0.58304,0.0
0.61958,0.06006,1.0
0.38141,0.99583,0.0
0.78042,0.94415,0.0
0.334,0.74065,0.0
0.95806,0.78257,0.0
0.48029,0.80203,0.0
0.58836,0.64603,1.0
0.57205,0.42568,0.0
0.83076,0.46835,1.0
0.113,0.63199,1.0
0.51023,0.612,0.0
0.66639,0.07774,1.0
0.53177,0.60701,0.0
0.51706,0.35549,0.0
0.45467,0.78219,1.0
0.46654,0.67517,0.0
0.80498,0.86482,0.0
0.11806,0.35391,1.0
0.76258,0.13045,1.0
0.12432,0.89611,0.0
0.67766,0.41777,1.0
0.5935,0.92567,0.0
0.02266,0.34539,1.0
0.18679,0.46603,1.0
0.48087,0.9552,0.0
0.30239,0.81444,1.0
0.94555,0.25604,0.0
0.72383,0.19993,1.0
0.94111,0.25677,1.0
0.96362,0.49389,1.0
0.13449,0.46395,1.0
0.10421,0.45675,0.0
0.74012,0.29587,1.0
0.51129,0.54764,0.0
0.77454,0.64849,1.0
0.41721,0.28125,1.0
0.90443,0.89249,0.0
0.2968,0.02396,1.0
0.09012,0.96985,0.0
0.7994,0.94945,0.0
0.22975,0.42506,0.0
0.76544,0.75322,0.0
0.02139,0.19984,1.0
0.08819,0.62738,1.0
0.09435,0.11846,1.0
0.93116,0.81323,0.0
0.19589,0.65136,1.0
0.73204,0.9111,0.0
0.95281,0.73757,0.0
0.01979,0.44433,0.0
0.18552,0.35838,1.0
0.59483,0.67917,0.0
0.46693,0.67457,1.0
0.91778,0.95483,1.0
0.0002,0.64708,0.0
0.76053,0.57642,1.0
0.14845,0.00344,0.0
0.78596,0.85069,0.0
0.24511,0.12698,1.0
0.99507,0.81776,0.0
0.50881,0.79376,0.0
0.59919,0.05187,1.0
0.3473,0.59278,0.0
0.76403,0.25541,1.0
0.15067,0.55414,1.0
0.40832,0.50854,0.0
0.87637,0.71397,1.0
0.79771,0.72007,1.0
0.63841,0.78687,0.0
0.30238,0.95894,0.0
0.10402,0.06939,1.0
0.50894,0.42787,0.0
0.25018,0.13626,1.0
0.93667,0.84811,0.0
0.374,0.35708,1.0
0.43589,0.31237,0.0
0.4253,0.7287,0.0
0.4194,0.86602,0.0
0.84821,0.16157,1.0
0.45476,0.08802,1.0
0.9069,0.68314,1.0
0.98541,0.16359,1.0
